sequence,conc_1e-09,conc_1e-08,conc_1e-07
seq1,0.637717375621143,1.5755363607586261,2.696876900504152
seq2,2.696876900504152,3.550574782736785,3.706613430346507
