sequence,kd,expression_a
seq1,3.182163823188054e-08,14.89392395440394
seq2,1e-10,27.072377858896598
